{
    "external_push_client_only": false,
    "using_ios": true,
    "using_android": false,
    "firestore": true,
    "realtimedb": false,
    "authentication": true,
    "remote_config": false,
    "performance_monitoring": false,
    "messaging": false,
    "in_app_messaging": true,
    "crashlytics": false,
    "crash_reporting": false,
    "storage": false,
    "functions": false,
    "facebook_auth": false,
    "google_auth": false,
    "admob": false,
    "invites": false,
    "dynamic_links": false,
    "ml_kit": false,
    "ml_kit_text_recognition": false
}